audit_id,paper_category,category_key,expressible,library,current_rfc_classification,current_root_cause,rfc_tags,storage_classification,fixed_status,state,created_at,title,url,maintainer_bug_judgment,evidence_to_check,audit_decision,audit_notes
AS-001,Missing RFC checks and state guards,missing_rfc_checks_and_state_guards,O,wolfSSL,RFC-Core,missing_validation,RFC8446,bug-inferred,closed_pr_merge_unverified,closed,2026-04-23T14:13:14Z,TLS 1.3: gate 0-RTT on a cache-backed resumption ticket,https://github.com/wolfSSL/wolfssl/pull/10289,needs_source_audit,maintainer comment; linked PR/MR; commit; release note; advisory,TBD,
AS-002,Missing RFC checks and state guards,missing_rfc_checks_and_state_guards,O,GnuTLS,RFC-Core,missing_state_transition_guard,RFC8446,bug-inferred,recognized_unfixed_or_open,opened,2026-01-19T19:30:22.101Z,malformed CCS in TLS 1.3 is discarded without an alert,https://gitlab.com/gnutls/gnutls/-/work_items/1788,needs_source_audit,maintainer comment; linked PR/MR; commit; release note; advisory,TBD,
AS-003,Missing RFC checks and state guards,missing_rfc_checks_and_state_guards,O,GnuTLS,RFC-Core,missing_state_transition_guard,RFC8446,bug-inferred,recognized_unfixed_or_open,opened,2026-01-20T15:28:27.537Z,two KeyUpdates in one record do not get rejected with unexpected_message,https://gitlab.com/gnutls/gnutls/-/work_items/1789,needs_source_audit,maintainer comment; linked PR/MR; commit; release note; advisory,TBD,
AS-004,Missing RFC checks and state guards,missing_rfc_checks_and_state_guards,O,OpenSSL,RFC-Core,missing_validation,RFC5246;RFC8446,bug-inferred,recognized_unfixed_or_open,open,2026-04-13T20:34:28Z,TLS 1.3 client does not validate ticket_lifetime <= 604800 per RFC 8446 §4.6.1,https://github.com/openssl/openssl/issues/30808,needs_source_audit,maintainer comment; linked PR/MR; commit; release note; advisory,TBD,
AS-005,Missing RFC checks and state guards,missing_rfc_checks_and_state_guards,O,OpenSSL,RFC-probable,missing_validation,RFC8446,direct-bug-label,closed_pr_merge_unverified,closed,2026-03-17T17:29:18Z,Fix SSL_SESSION leak in tls_parse_ctos_psk() on ticket error paths,https://github.com/openssl/openssl/pull/30464,needs_source_audit,maintainer comment; linked PR/MR; commit; release note; advisory,TBD,
AS-006,Missing RFC checks and state guards,missing_rfc_checks_and_state_guards,O,OpenSSL,RFC-probable,missing_validation,RFC8446,direct-bug-label,recognized_unfixed_or_open,open,2026-05-29T11:39:52Z,Design gap: multiple TLS 1.3 signature schemes sharing the same key type OID,https://github.com/openssl/openssl/issues/31330,needs_source_audit,maintainer comment; linked PR/MR; commit; release note; advisory,TBD,
AS-007,Missing RFC checks and state guards,missing_rfc_checks_and_state_guards,O,Mbed TLS,RFC-probable,missing_validation,RFC8446,bug-inferred,closed_pr_merge_unverified,closed,2026-02-16T17:09:50Z,Fix missing type conversion in the TLS-Exporter,https://github.com/Mbed-TLS/mbedtls/pull/10601,needs_source_audit,maintainer comment; linked PR/MR; commit; release note; advisory,TBD,
AS-008,Missing RFC checks and state guards,missing_rfc_checks_and_state_guards,O,Mbed TLS,RFC-probable,missing_validation,RFC8446,bug-inferred,closed_pr_merge_unverified,closed,2026-02-16T17:11:33Z,[Backport 3.6] Fix missing type conversion in the TLS-Exporter,https://github.com/Mbed-TLS/mbedtls/pull/10602,needs_source_audit,maintainer comment; linked PR/MR; commit; release note; advisory,TBD,
AS-009,Missing RFC checks and state guards,missing_rfc_checks_and_state_guards,O,OpenSSL,RFC-probable,missing_validation,RFC5246;RFC8446,bug-inferred,closed_pr_merge_unverified,closed,2026-03-12T13:50:23Z,DTLS 1.3 Update Epoch to a 64 bit counter and don't allow wrapping,https://github.com/openssl/openssl/pull/30394,needs_source_audit,maintainer comment; linked PR/MR; commit; release note; advisory,TBD,
AS-010,Missing RFC checks and state guards,missing_rfc_checks_and_state_guards,O,wolfSSL,RFC-probable,missing_validation,RFC8446,bug-inferred,closed_pr_merge_unverified,closed,2026-03-20T19:35:59Z,verify ciphersuite in CH2 matches HRR,https://github.com/wolfSSL/wolfssl/pull/10034,needs_source_audit,maintainer comment; linked PR/MR; commit; release note; advisory,TBD,
AS-011,Missing RFC checks and state guards,missing_rfc_checks_and_state_guards,O,wolfSSL,RFC-probable,missing_validation,RFC8446,bug-inferred,closed_pr_merge_unverified,closed,2026-04-29T21:03:17Z,DTLS 1.3 client-only minimum: WOLFSSL_DTLS_ONLY + autoconf cascade,https://github.com/wolfSSL/wolfssl/pull/10353,needs_source_audit,maintainer comment; linked PR/MR; commit; release note; advisory,TBD,
AS-012,Missing RFC checks and state guards,missing_rfc_checks_and_state_guards,O,wolfSSL,RFC-probable,missing_validation,RFC5246,bug-inferred,closed_pr_merge_unverified,closed,2026-05-14T19:49:34Z,Check SNI/ALPN in TLS 1.2/1.3 session resumptions,https://github.com/wolfSSL/wolfssl/pull/10489,needs_source_audit,maintainer comment; linked PR/MR; commit; release note; advisory,TBD,
AS-013,Missing RFC checks and state guards,missing_rfc_checks_and_state_guards,O,OpenSSL,TLS-Adjacent,missing_validation,RFC5246;RFC8446,direct-bug-label,recognized_unfixed_or_open,open,2026-04-21T06:17:03Z,Inconsistent certificate verify error strings for validity,https://github.com/openssl/openssl/issues/30915,needs_source_audit,maintainer comment; linked PR/MR; commit; release note; advisory,TBD,
AS-014,Missing RFC checks and state guards,missing_rfc_checks_and_state_guards,O,OpenSSL,TLS-Adjacent,missing_validation,RFC5246;RFC8446,bug-inferred,closed_pr_merge_unverified,closed,2026-03-02T08:24:00Z,dtls: buffer early CCS to handle UDP reorder,https://github.com/openssl/openssl/pull/30225,needs_source_audit,maintainer comment; linked PR/MR; commit; release note; advisory,TBD,
AS-015,Missing RFC checks and state guards,missing_rfc_checks_and_state_guards,O,OpenSSL,Not-related,missing_validation,RFC5246;RFC8446,direct-bug-label,closed_pr_merge_unverified,closed,2026-03-25T14:00:51Z,DTLS 1.3 Epoch bits that don't match are from a prior epoch,https://github.com/openssl/openssl/pull/30570,needs_source_audit,maintainer comment; linked PR/MR; commit; release note; advisory,TBD,
AS-016,Missing RFC checks and state guards,missing_rfc_checks_and_state_guards,O,OpenSSL,RFC-Core,missing_validation,RFC8446,bug-inferred,closed_pr_merge_unverified,closed,2026-01-27T05:01:06Z,doc: clarify SSL_SESSION ownership in PSK use session callback,https://github.com/openssl/openssl/pull/29771,needs_source_audit,maintainer comment; linked PR/MR; commit; release note; advisory,TBD,
AS-017,Missing RFC checks and state guards,missing_rfc_checks_and_state_guards,O,OpenSSL,RFC-probable,missing_validation,RFC8446,direct-bug-label,closed_pr_merge_unverified,closed,2026-01-21T03:00:36Z,Fix NULL pointer dereference when zlib DSO fails to load,https://github.com/openssl/openssl/pull/29699,needs_source_audit,maintainer comment; linked PR/MR; commit; release note; advisory,TBD,
AS-018,Missing RFC checks and state guards,missing_rfc_checks_and_state_guards,O,OpenSSL,RFC-probable,missing_validation,RFC5246;RFC8446,direct-bug-label,closed_pr_merge_unverified,closed,2026-03-18T03:31:01Z,ssl: realloc pipe buffer when pipe count decreases,https://github.com/openssl/openssl/pull/30480,needs_source_audit,maintainer comment; linked PR/MR; commit; release note; advisory,TBD,
AS-019,Missing RFC checks and state guards,missing_rfc_checks_and_state_guards,O,OpenSSL,RFC-probable,missing_validation,RFC5246;RFC8446,direct-bug-label,closed_pr_merge_unverified,closed,2026-03-18T08:00:41Z,ISSUE-30458: Fix leak when replacing stacked record-layer transport BIO,https://github.com/openssl/openssl/pull/30483,needs_source_audit,maintainer comment; linked PR/MR; commit; release note; advisory,TBD,
AS-020,Missing RFC checks and state guards,missing_rfc_checks_and_state_guards,O,wolfSSL,RFC-probable,missing_validation,RFC8446,bug-inferred,closed_or_fixed_unverified,closed,2026-03-24T18:47:38Z,Memory safety code review: 17 findings across compiled sources,https://github.com/wolfSSL/wolfssl/issues/10063,needs_source_audit,maintainer comment; linked PR/MR; commit; release note; advisory,TBD,
AS-021,Missing RFC checks and state guards,missing_rfc_checks_and_state_guards,O,OpenSSL,RFC-probable,missing_validation,RFC8446,bug-inferred,closed_pr_merge_unverified,closed,2026-01-21T02:53:59Z,Fix NULL pointer dereference when zlib DSO fails to load,https://github.com/openssl/openssl/pull/29698,needs_source_audit,maintainer comment; linked PR/MR; commit; release note; advisory,TBD,
AS-022,Missing RFC checks and state guards,missing_rfc_checks_and_state_guards,O,wolfSSL,RFC-probable,missing_validation,RFC8446,bug-inferred,closed_pr_merge_unverified,closed,2026-01-05T09:44:06Z,check that we are resuming in write_early_data + minor fixes,https://github.com/wolfSSL/wolfssl/pull/9601,needs_source_audit,maintainer comment; linked PR/MR; commit; release note; advisory,TBD,
AS-023,Missing RFC checks and state guards,missing_rfc_checks_and_state_guards,O,wolfSSL,RFC-probable,missing_validation,,bug-inferred,closed_pr_merge_unverified,closed,2026-02-09T16:15:08Z,Add check for KS in SH,https://github.com/wolfSSL/wolfssl/pull/9754,needs_source_audit,maintainer comment; linked PR/MR; commit; release note; advisory,TBD,
AS-024,Missing RFC checks and state guards,missing_rfc_checks_and_state_guards,O,OpenSSL,Not-related,missing_validation,RFC5246;RFC8446,bug-inferred,closed_pr_merge_unverified,closed,2026-03-13T02:05:03Z,doc: clarify -CAfile and -verifyCAfile semantics in openssl-s_server .pod.in,https://github.com/openssl/openssl/pull/30405,needs_source_audit,maintainer comment; linked PR/MR; commit; release note; advisory,TBD,
AS-025,Missing RFC checks and state guards,missing_rfc_checks_and_state_guards,O,wolfSSL,Not-related,missing_validation,RFC5246;RFC8446,bug-inferred,recognized_unfixed_or_open,open,2026-06-10T03:39:25Z,fix: enforce pathlen constraint in X509 API verify path,https://github.com/wolfSSL/wolfssl/pull/10651,needs_source_audit,maintainer comment; linked PR/MR; commit; release note; advisory,TBD,
AS-026,Missing RFC checks and state guards,missing_rfc_checks_and_state_guards,O,wolfSSL,RFC-probable,missing_validation,RFC8446,bug-inferred,closed_pr_merge_unverified,closed,2026-05-27T16:18:09Z,CI Addition (ECH): Check only the public SNI is visible,https://github.com/wolfSSL/wolfssl/pull/10542,needs_source_audit,maintainer comment; linked PR/MR; commit; release note; advisory,TBD,
AS-027,Missing RFC checks and state guards,missing_rfc_checks_and_state_guards,O,OpenSSL,RFC-probable,missing_validation,RFC8446,bug-inferred,recognized_unfixed_or_open,open,2026-03-17T08:14:54Z,OpenSSL session resumption performance measurement,https://github.com/openssl/openssl/issues/30456,needs_source_audit,maintainer comment; linked PR/MR; commit; release note; advisory,TBD,
AS-028,Missing RFC checks and state guards,missing_rfc_checks_and_state_guards,O,OpenSSL,Not-related,missing_validation,RFC5246;RFC8446,direct-bug-label,closed_pr_merge_unverified,closed,2026-03-09T13:17:15Z,x509: reject unauthorized stapled OCSP response signers,https://github.com/openssl/openssl/pull/30323,needs_source_audit,maintainer comment; linked PR/MR; commit; release note; advisory,TBD,
AS-029,Missing RFC checks and state guards,missing_rfc_checks_and_state_guards,O,OpenSSL,Not-related,missing_validation,,bug-inferred,closed_pr_merge_unverified,closed,2026-02-13T17:07:10Z,Add Ed25519 Cert. Support for DTLS 1.2,https://github.com/openssl/openssl/pull/30007,needs_source_audit,maintainer comment; linked PR/MR; commit; release note; advisory,TBD,
AS-030,Missing RFC checks and state guards,missing_rfc_checks_and_state_guards,O,OpenSSL,Not-related,missing_validation,RFC8446,bug-inferred,closed_pr_merge_unverified,closed,2026-04-09T10:08:54Z,make TLS session resumption working for QUIC,https://github.com/openssl/openssl/pull/30750,needs_source_audit,maintainer comment; linked PR/MR; commit; release note; advisory,TBD,
AS-031,Missing RFC checks and state guards,missing_rfc_checks_and_state_guards,O,OpenSSL,RFC-Core,missing_validation,RFC5246;RFC8446,security/advisory,recognized_unfixed_or_open,open,2026-03-16T06:28:48Z,ISSUE-28348: Deprecate SSL_COMP and related functions,https://github.com/openssl/openssl/pull/30439,needs_source_audit,maintainer comment; linked PR/MR; commit; release note; advisory,TBD,
AS-032,Missing RFC checks and state guards,missing_rfc_checks_and_state_guards,O,wolfSSL,RFC-probable,missing_validation,RFC8446,bug-inferred,closed_pr_merge_unverified,closed,2026-01-28T17:55:19Z,Improve user_settings.h examples and add validation rules,https://github.com/wolfSSL/wolfssl/pull/9719,needs_source_audit,maintainer comment; linked PR/MR; commit; release note; advisory,TBD,
AS-033,Wire-message construction errors,wire_message_construction_errors,O,wolfSSL,RFC-Core,incorrect_field_construction,RFC8446,security/advisory,closed_or_fixed_unverified,closed,2026-04-12T12:26:07Z,[Bug]:  0-RTT Anti-Replay Minimum Requirement Not Enforced (RFC 8446 Section 8),https://github.com/wolfSSL/wolfssl/issues/10197,needs_source_audit,maintainer comment; linked PR/MR; commit; release note; advisory,TBD,
AS-034,Wire-message construction errors,wire_message_construction_errors,O,wolfSSL,RFC-Core,incorrect_field_construction,RFC8446,security/advisory,recognized_unfixed_or_open,open,2026-04-27T12:54:22Z,[Bug]: `ticket_lifetime = 0` and Immediate Discard Semantics,https://github.com/wolfSSL/wolfssl/issues/10322,needs_source_audit,maintainer comment; linked PR/MR; commit; release note; advisory,TBD,
AS-035,Wire-message construction errors,wire_message_construction_errors,O,wolfSSL,RFC-Core,incorrect_field_construction,RFC5246;RFC8446,direct-bug-label,closed_or_fixed_unverified,closed,2026-01-13T15:19:21Z,[Bug]:  client_certificate_type and server_certificate_type extensions accepted in ServerHello for TLS 1.3,https://github.com/wolfSSL/wolfssl/issues/9655,needs_source_audit,maintainer comment; linked PR/MR; commit; release note; advisory,TBD,
AS-036,Wire-message construction errors,wire_message_construction_errors,O,Mbed TLS,RFC-Core,incorrect_field_construction,RFC8446,direct-bug-label,recognized_unfixed_or_open,open,2026-04-30T12:36:04Z,mbedTLS TLS 1.3 `certificate_authorities` Validation Gap,https://github.com/Mbed-TLS/mbedtls/issues/10744,needs_source_audit,maintainer comment; linked PR/MR; commit; release note; advisory,TBD,
AS-037,Wire-message construction errors,wire_message_construction_errors,O,OpenSSL,RFC-Core,incorrect_field_construction,RFC8446,bug-inferred,closed_pr_merge_unverified,closed,2026-03-31T09:33:48Z,Disable tickets when SSL_OP_NO_TICKET and SSL_SESS_CACHE_OFF are set,https://github.com/openssl/openssl/pull/30639,needs_source_audit,maintainer comment; linked PR/MR; commit; release note; advisory,TBD,
AS-038,Wire-message construction errors,wire_message_construction_errors,O,wolfSSL,RFC-Core,incorrect_field_construction,RFC5246;RFC8446,bug-inferred,closed_pr_merge_unverified,closed,2026-01-14T13:58:04Z,Fix TLSX_Parse to correctly handle client and server cert type ext with TLS1.3,https://github.com/wolfSSL/wolfssl/pull/9657,needs_source_audit,maintainer comment; linked PR/MR; commit; release note; advisory,TBD,
AS-039,Wire-message construction errors,wire_message_construction_errors,O,wolfSSL,RFC-Core,incorrect_field_construction,RFC8446,bug-inferred,closed_pr_merge_unverified,closed,2026-04-28T15:56:07Z,reject extensions in a TLS 1.3 Certificate message that were not offered in the prior ClientHello/CertificateRequest,https://github.com/wolfSSL/wolfssl/pull/10338,needs_source_audit,maintainer comment; linked PR/MR; commit; release note; advisory,TBD,
AS-040,Wire-message construction errors,wire_message_construction_errors,O,Mbed TLS,RFC-Core,incorrect_field_construction,RFC8446,bug-inferred,recognized_unfixed_or_open,open,2026-04-28T09:06:19Z,TLS 1.3 KeyShare Ordering Semantics Are Only Partially Covered,https://github.com/Mbed-TLS/mbedtls/issues/10722,needs_source_audit,maintainer comment; linked PR/MR; commit; release note; advisory,TBD,
AS-041,Negotiation and selected-parameter errors,negotiation_and_selected_parameter_errors,O,wolfSSL,RFC-Core,negotiation_logic_error,RFC5246;RFC8446,bug-inferred,recognized_unfixed_or_open,open,2026-06-05T12:07:50Z,DTLS 1.3 Dynamic Connection ID Update Semantics Are Missing,https://github.com/wolfSSL/wolfssl/issues/10613,needs_source_audit,maintainer comment; linked PR/MR; commit; release note; advisory,TBD,
AS-042,Negotiation and selected-parameter errors,negotiation_and_selected_parameter_errors,O,Mbed TLS,RFC-probable,negotiation_logic_error,RFC5246,direct-bug-label,closed_pr_merge_unverified,closed,2026-04-17T16:23:38Z,Backport 4.1: ssl: accept TLS 1.2 rsa_pss_rsae signature algorithms,https://github.com/Mbed-TLS/mbedtls/pull/10704,needs_source_audit,maintainer comment; linked PR/MR; commit; release note; advisory,TBD,
AS-043,Negotiation and selected-parameter errors,negotiation_and_selected_parameter_errors,O,Mbed TLS,RFC-probable,negotiation_logic_error,RFC8446,bug-inferred,closed_pr_merge_unverified,closed,2026-03-23T16:35:45Z,check_config: add missing check for TLS 1.3 key exchanges,https://github.com/Mbed-TLS/mbedtls/pull/10650,needs_source_audit,maintainer comment; linked PR/MR; commit; release note; advisory,TBD,
AS-044,Negotiation and selected-parameter errors,negotiation_and_selected_parameter_errors,O,Mbed TLS,RFC-probable,negotiation_logic_error,RFC5246,bug-inferred,closed_pr_merge_unverified,closed,2026-04-04T18:06:22Z,Backport 3.6: ssl: accept TLS 1.2 rsa_pss_rsae signature algorithms,https://github.com/Mbed-TLS/mbedtls/pull/10674,needs_source_audit,maintainer comment; linked PR/MR; commit; release note; advisory,TBD,
AS-045,Negotiation and selected-parameter errors,negotiation_and_selected_parameter_errors,O,Mbed TLS,RFC-probable,negotiation_logic_error,RFC8446,bug-inferred,closed_pr_merge_unverified,closed,2026-04-23T12:54:49Z,[backport 4.1] check_config: add missing check for TLS 1.3 key exchanges,https://github.com/Mbed-TLS/mbedtls/pull/10713,needs_source_audit,maintainer comment; linked PR/MR; commit; release note; advisory,TBD,
AS-046,State-machine progression errors,state_machine_progression_errors,O*,wolfSSL,RFC-Core,wrong_state_transition,RFC8446,direct-bug-label,closed_or_fixed_unverified,closed,2026-04-27T03:43:39Z,[Bug]: wolfSSL certificate_authorities Length-Boundary Verification,https://github.com/wolfSSL/wolfssl/issues/10316,needs_source_audit,maintainer comment; linked PR/MR; commit; release note; advisory,TBD,
AS-047,State-machine progression errors,state_machine_progression_errors,O*,OpenSSL,RFC-Core,wrong_state_transition,RFC8446,direct-bug-label,closed_pr_merge_unverified,closed,2026-04-18T02:41:00Z,Reject empty TLS 1.3 HRR cookie,https://github.com/openssl/openssl/pull/30892,needs_source_audit,maintainer comment; linked PR/MR; commit; release note; advisory,TBD,
AS-048,State-machine progression errors,state_machine_progression_errors,O*,OpenSSL,RFC-Core,wrong_state_transition,RFC8446,direct-bug-label,recognized_unfixed_or_open,open,2026-05-19T06:38:47Z,s_server -www sends NewSessionTicket instead of required KeyUpdate response after client KeyUpdate request,https://github.com/openssl/openssl/issues/31227,needs_source_audit,maintainer comment; linked PR/MR; commit; release note; advisory,TBD,
AS-049,State-machine progression errors,state_machine_progression_errors,O*,wolfSSL,RFC-Core,wrong_state_transition,RFC8446,bug-inferred,closed_or_fixed_unverified,closed,2026-06-05T12:08:54Z,[Bug]: DTLS 1.3 close_notify Does Not Preserve the Epoch/Sequence Boundary,https://github.com/wolfSSL/wolfssl/issues/10614,needs_source_audit,maintainer comment; linked PR/MR; commit; release note; advisory,TBD,
AS-050,State-machine progression errors,state_machine_progression_errors,O*,wolfSSL,RFC-Core,wrong_state_transition,RFC5246;RFC8446,bug-inferred,closed_or_fixed_unverified,closed,2026-06-05T12:20:40Z,DTLS 1.3 close_notify Lacks Epoch/Sequence Boundary Tracking,https://github.com/wolfSSL/wolfssl/issues/10623,needs_source_audit,maintainer comment; linked PR/MR; commit; release note; advisory,TBD,
AS-051,State-machine progression errors,state_machine_progression_errors,O*,wolfSSL,RFC-Core,wrong_state_transition,RFC5246;RFC8446,bug-inferred,closed_pr_merge_unverified,closed,2026-06-03T10:56:11Z,"Fenrir 2026-06-02: TLS/DTLS correctness, resumption & renegotiation safety fixes",https://github.com/wolfSSL/wolfssl/pull/10582,needs_source_audit,maintainer comment; linked PR/MR; commit; release note; advisory,TBD,
AS-052,Predicate and alert/error semantics,predicate_and_alert_error_semantics,X,Mbed TLS,RFC-Core,wrong_error_handling,RFC8446,security/advisory,recognized_unfixed_or_open,open,2026-04-28T08:31:38Z,mbedTLS TLS 1.3 weak-hash certificate alert mapping inconsistency,https://github.com/Mbed-TLS/mbedtls/issues/10718,needs_source_audit,maintainer comment; linked PR/MR; commit; release note; advisory,TBD,
AS-053,Predicate and alert/error semantics,predicate_and_alert_error_semantics,X,OpenSSL,RFC-Core,wrong_error_handling,RFC8446,security/advisory,recognized_unfixed_or_open,open,2026-04-17T05:06:18Z,Explanation of the Alert Semantic Difference in the Certificate Signature Failure Scenario,https://github.com/openssl/openssl/issues/30879,needs_source_audit,maintainer comment; linked PR/MR; commit; release note; advisory,TBD,
AS-054,Predicate and alert/error semantics,predicate_and_alert_error_semantics,X,wolfSSL,RFC-Core,wrong_error_handling,RFC5246;RFC8446,direct-bug-label,closed_or_fixed_unverified,closed,2026-01-13T10:56:55Z,[Bug]: RFC 5246 violation: empty server certificate not rejected in TLS 1.2 handshake,https://github.com/wolfSSL/wolfssl/issues/9651,needs_source_audit,maintainer comment; linked PR/MR; commit; release note; advisory,TBD,
AS-055,Predicate and alert/error semantics,predicate_and_alert_error_semantics,X,wolfSSL,RFC-Core,wrong_error_handling,RFC8446,direct-bug-label,closed_or_fixed_unverified,closed,2026-04-27T12:02:26Z,[Bug]: HelloRetryRequest Extension Whitelist Runtime Recheck,https://github.com/wolfSSL/wolfssl/issues/10320,needs_source_audit,maintainer comment; linked PR/MR; commit; release note; advisory,TBD,
AS-056,Predicate and alert/error semantics,predicate_and_alert_error_semantics,X,OpenSSL,RFC-Core,wrong_error_handling,RFC8446,direct-bug-label,recognized_unfixed_or_open,open,2026-05-19T07:23:37Z,TLS 1.3 server silently accepts ClientHello missing required key_share / supported_groups extensions when PSK is not offered,https://github.com/openssl/openssl/issues/31229,needs_source_audit,maintainer comment; linked PR/MR; commit; release note; advisory,TBD,
AS-057,Predicate and alert/error semantics,predicate_and_alert_error_semantics,X,wolfSSL,RFC-Core,wrong_error_handling,RFC8446,bug-inferred,closed_or_fixed_unverified,closed,2026-04-17T08:03:47Z,TLS 1.3 (RFC 8446) Incompliance Observations in wolfSSL,https://github.com/wolfSSL/wolfssl/issues/10244,needs_source_audit,maintainer comment; linked PR/MR; commit; release note; advisory,TBD,
AS-058,Predicate and alert/error semantics,predicate_and_alert_error_semantics,X,wolfSSL,RFC-Core,wrong_error_handling,RFC8446,bug-inferred,closed_pr_merge_unverified,closed,2026-03-05T11:33:26Z,Treat alerts as fatal errors regardless of level in TLS1.3,https://github.com/wolfSSL/wolfssl/pull/9875,needs_source_audit,maintainer comment; linked PR/MR; commit; release note; advisory,TBD,
AS-059,Predicate and alert/error semantics,predicate_and_alert_error_semantics,X,wolfSSL,RFC-Core,wrong_error_handling,RFC8446,bug-inferred,closed_pr_merge_unverified,closed,2026-04-27T21:59:31Z,tls.c: send missing_extension alert on TLS 1.3 SNI absence,https://github.com/wolfSSL/wolfssl/pull/10332,needs_source_audit,maintainer comment; linked PR/MR; commit; release note; advisory,TBD,
AS-060,Predicate and alert/error semantics,predicate_and_alert_error_semantics,X,Mbed TLS,RFC-Core,wrong_validation_predicate,RFC5246;RFC8446,bug-inferred,recognized_unfixed_or_open,open,2026-04-28T08:34:43Z,mbedTLS TLS 1.3 X.509 `cert_data` length boundary inconsistency,https://github.com/Mbed-TLS/mbedtls/issues/10719,needs_source_audit,maintainer comment; linked PR/MR; commit; release note; advisory,TBD,
AS-061,Predicate and alert/error semantics,predicate_and_alert_error_semantics,X,Mbed TLS,RFC-Core,wrong_error_handling,RFC8446,bug-inferred,recognized_unfixed_or_open,open,2026-04-28T08:43:05Z,Empty Client Certificate Uses `no_certificate` Instead of `certificate_required`,https://github.com/Mbed-TLS/mbedtls/issues/10720,needs_source_audit,maintainer comment; linked PR/MR; commit; release note; advisory,TBD,
AS-062,Predicate and alert/error semantics,predicate_and_alert_error_semantics,X,Mbed TLS,RFC-Core,wrong_validation_predicate,RFC8446,bug-inferred,recognized_unfixed_or_open,open,2026-04-29T14:11:55Z,mbedTLS Does Not Strictly Enforce the `ServerHello.key_share` Exact Length,https://github.com/Mbed-TLS/mbedtls/issues/10737,needs_source_audit,maintainer comment; linked PR/MR; commit; release note; advisory,TBD,
AS-063,Predicate and alert/error semantics,predicate_and_alert_error_semantics,X,wolfSSL,RFC-probable,wrong_error_handling,RFC8446,direct-bug-label,closed_or_fixed_unverified,closed,2026-03-05T14:07:19Z,[Bug]: DTLS 1.3 with PSK failing because of missing SignatureAlgorithms extension,https://github.com/wolfSSL/wolfssl/issues/9876,needs_source_audit,maintainer comment; linked PR/MR; commit; release note; advisory,TBD,
AS-064,Predicate and alert/error semantics,predicate_and_alert_error_semantics,X,OpenSSL,RFC-probable,wrong_error_handling,RFC5246;RFC8446,direct-bug-label,closed_pr_merge_unverified,closed,2026-01-21T17:50:48Z,Correct alert when extended master secret support is dropped,https://github.com/openssl/openssl/pull/29706,needs_source_audit,maintainer comment; linked PR/MR; commit; release note; advisory,TBD,
AS-065,Predicate and alert/error semantics,predicate_and_alert_error_semantics,X,OpenSSL,RFC-probable,wrong_error_handling,RFC5246;RFC8446,direct-bug-label,closed_pr_merge_unverified,closed,2026-02-06T20:53:17Z,Enabling the DTLS 1.3 Message tests,https://github.com/openssl/openssl/pull/29961,needs_source_audit,maintainer comment; linked PR/MR; commit; release note; advisory,TBD,
AS-066,Predicate and alert/error semantics,predicate_and_alert_error_semantics,X,OpenSSL,RFC-probable,wrong_validation_predicate,RFC5246,direct-bug-label,closed_pr_merge_unverified,closed,2026-03-20T20:17:19Z,TLS: Verify session ID to prevent incorrect session resumption,https://github.com/openssl/openssl/pull/30517,needs_source_audit,maintainer comment; linked PR/MR; commit; release note; advisory,TBD,
AS-067,Predicate and alert/error semantics,predicate_and_alert_error_semantics,X,wolfSSL,RFC-probable,wrong_validation_predicate,RFC5246;RFC8446,direct-bug-label,recognized_unfixed_or_open,open,2026-06-05T12:06:25Z,[Bug]: CMake DTLS CID Option Incorrectly Requires DTLS 1.3,https://github.com/wolfSSL/wolfssl/issues/10610,needs_source_audit,maintainer comment; linked PR/MR; commit; release note; advisory,TBD,
AS-068,Predicate and alert/error semantics,predicate_and_alert_error_semantics,X,wolfSSL,RFC-probable,wrong_validation_predicate,RFC8446,direct-bug-label,recognized_unfixed_or_open,open,2026-06-05T12:13:48Z,"[Bug]: DTLS 1.3 legacy_session_id Handling Is Implemented, but Pre-DTLS 1.3 Cached-ID Reuse Is Rejected",https://github.com/wolfSSL/wolfssl/issues/10618,needs_source_audit,maintainer comment; linked PR/MR; commit; release note; advisory,TBD,
AS-069,Predicate and alert/error semantics,predicate_and_alert_error_semantics,X,OpenSSL,RFC-probable,wrong_error_handling,RFC5246;RFC8446,bug-inferred,closed_or_fixed_unverified,closed,2026-05-05T14:46:35Z,Unable to pass empty list to -alpn in s_sclient,https://github.com/openssl/openssl/issues/31088,needs_source_audit,maintainer comment; linked PR/MR; commit; release note; advisory,TBD,
AS-070,Predicate and alert/error semantics,predicate_and_alert_error_semantics,X,wolfSSL,RFC-probable,wrong_error_handling,RFC5246;RFC8446,bug-inferred,closed_pr_merge_unverified,closed,2026-03-05T16:12:50Z,Send alert in case of decrypted all-zero message,https://github.com/wolfSSL/wolfssl/pull/9882,needs_source_audit,maintainer comment; linked PR/MR; commit; release note; advisory,TBD,
AS-071,Predicate and alert/error semantics,predicate_and_alert_error_semantics,X,wolfSSL,RFC-probable,wrong_error_handling,RFC5246;RFC8446,bug-inferred,closed_pr_merge_unverified,closed,2026-05-12T00:51:05Z,Fix alert type for missing cert.  Prevent building with RNG disabled and blinding enabled by default.  Enforce bounds for AES CMAC size in verify.,https://github.com/wolfSSL/wolfssl/pull/10462,needs_source_audit,maintainer comment; linked PR/MR; commit; release note; advisory,TBD,
AS-072,Predicate and alert/error semantics,predicate_and_alert_error_semantics,X,Mbed TLS,RFC-probable,wrong_error_handling,RFC8446,bug-inferred,recognized_unfixed_or_open,open,2026-05-13T15:51:25Z,ssl: reject trailing bytes in TLS 1.3 encrypted extensions,https://github.com/Mbed-TLS/mbedtls/pull/10752,needs_source_audit,maintainer comment; linked PR/MR; commit; release note; advisory,TBD,
AS-073,Predicate and alert/error semantics,predicate_and_alert_error_semantics,X,OpenSSL,RFC-probable,wrong_error_handling,RFC8446,bug-inferred,recognized_unfixed_or_open,open,2026-04-15T17:57:26Z,Fix TLS 1.3 missing key_share alert,https://github.com/openssl/openssl/pull/30851,needs_source_audit,maintainer comment; linked PR/MR; commit; release note; advisory,TBD,
AS-074,Predicate and alert/error semantics,predicate_and_alert_error_semantics,X,wolfSSL,RFC-Core,wrong_error_handling,RFC8446,direct-bug-label,closed_or_fixed_unverified,closed,2026-04-27T12:05:13Z,[Bug]: ServerHello Extension Whitelist Runtime Recheck,https://github.com/wolfSSL/wolfssl/issues/10321,needs_source_audit,maintainer comment; linked PR/MR; commit; release note; advisory,TBD,
AS-075,Predicate and alert/error semantics,predicate_and_alert_error_semantics,X,wolfSSL,RFC-Core,wrong_error_handling,RFC8446,bug-inferred,closed_pr_merge_unverified,closed,2026-04-06T21:17:22Z,TLS ECH Compliance Fixes,https://github.com/wolfSSL/wolfssl/pull/10141,needs_source_audit,maintainer comment; linked PR/MR; commit; release note; advisory,TBD,
AS-076,Predicate and alert/error semantics,predicate_and_alert_error_semantics,X,OpenSSL,RFC-probable,wrong_error_handling,RFC5246;RFC8446,direct-bug-label,closed_or_fixed_unverified,closed,2026-02-26T15:49:24Z,Detecting plaintext HTTP over a TLS socket is broken for certain verbs,https://github.com/openssl/openssl/issues/30196,needs_source_audit,maintainer comment; linked PR/MR; commit; release note; advisory,TBD,
AS-077,Predicate and alert/error semantics,predicate_and_alert_error_semantics,X,wolfSSL,RFC-probable,wrong_validation_predicate,RFC8446,direct-bug-label,closed_or_fixed_unverified,closed,2026-04-25T13:43:13Z,[Bug]: Hardening fixes for src/tls13.c,https://github.com/wolfSSL/wolfssl/issues/10313,needs_source_audit,maintainer comment; linked PR/MR; commit; release note; advisory,TBD,
AS-078,Predicate and alert/error semantics,predicate_and_alert_error_semantics,X,GnuTLS,RFC-probable,wrong_error_handling,RFC8446,bug-inferred,fixed_merged_mr,merged,2026-01-20T00:42:45.557Z,"tests/suite/tls-fuzzer: update submodules, tweak/enable tests",https://gitlab.com/gnutls/gnutls/-/merge_requests/2055,needs_source_audit,maintainer comment; linked PR/MR; commit; release note; advisory,TBD,
AS-079,Predicate and alert/error semantics,predicate_and_alert_error_semantics,X,GnuTLS,RFC-probable,wrong_validation_predicate,RFC8446,bug-inferred,closed_or_fixed_unverified,closed,2026-03-06T08:47:55.936Z,Vulnerability in GnuTLS PSK/SRP rehandshake handling,https://gitlab.com/gnutls/gnutls/-/issues/1808,needs_source_audit,maintainer comment; linked PR/MR; commit; release note; advisory,TBD,
AS-080,"Cryptographic binding, key schedule, and cross-version semantics",cryptographic_binding_key_schedule_and_cross_version_semantics,X,Mbed TLS,RFC-Core,incorrect_transcript_binding,RFC8446,security/advisory,recognized_unfixed_or_open,open,2026-04-15T03:25:30Z,Comprehensive Analysis: TLS 1.3 Certificate Signature Algorithm Constraint,https://github.com/Mbed-TLS/mbedtls/issues/10693,needs_source_audit,maintainer comment; linked PR/MR; commit; release note; advisory,TBD,
AS-081,"Cryptographic binding, key schedule, and cross-version semantics",cryptographic_binding_key_schedule_and_cross_version_semantics,X,Mbed TLS,RFC-Core,incorrect_transcript_binding,RFC8446,security/advisory,recognized_unfixed_or_open,open,2026-04-29T11:17:56Z,TLS 1.3 Certificate Signature Algorithm Constraint,https://github.com/Mbed-TLS/mbedtls/issues/10732,needs_source_audit,maintainer comment; linked PR/MR; commit; release note; advisory,TBD,
AS-082,"Cryptographic binding, key schedule, and cross-version semantics",cryptographic_binding_key_schedule_and_cross_version_semantics,X,wolfSSL,RFC-Core,incorrect_key_schedule,RFC8446,direct-bug-label,closed_or_fixed_unverified,closed,2026-02-10T10:26:59Z,[Bug]: In case of DTLS 1.3 when using NULL cipher the Nonce length seems to be calculated incorrectly,https://github.com/wolfSSL/wolfssl/issues/9757,needs_source_audit,maintainer comment; linked PR/MR; commit; release note; advisory,TBD,
AS-083,"Cryptographic binding, key schedule, and cross-version semantics",cryptographic_binding_key_schedule_and_cross_version_semantics,X,Mbed TLS,RFC-Core,incorrect_transcript_binding,RFC8446,direct-bug-label,recognized_unfixed_or_open,open,2026-04-20T13:57:27Z,TLS 1.3: Enforce that handshake messages do not span key changes,https://github.com/Mbed-TLS/mbedtls/issues/10708,needs_source_audit,maintainer comment; linked PR/MR; commit; release note; advisory,TBD,
AS-084,"Cryptographic binding, key schedule, and cross-version semantics",cryptographic_binding_key_schedule_and_cross_version_semantics,X,OpenSSL,RFC-Core,incorrect_key_schedule,RFC8446,direct-bug-label,recognized_unfixed_or_open,open,2026-04-15T16:39:30Z,Inconsistent TLS 1.3 key schedule secret cleanup in SSL_CONNECTION,https://github.com/openssl/openssl/issues/30849,needs_source_audit,maintainer comment; linked PR/MR; commit; release note; advisory,TBD,
AS-085,"Cryptographic binding, key schedule, and cross-version semantics",cryptographic_binding_key_schedule_and_cross_version_semantics,X,wolfSSL,RFC-Core,legacy_cross_version_error,RFC5246;RFC8446,bug-inferred,closed_pr_merge_unverified,closed,2026-01-14T16:52:34Z,"[TLS 1.2, TLS 1.3] Fail immediately if server sends empty certificate message for TLS 1.2 and beyond",https://github.com/wolfSSL/wolfssl/pull/9662,needs_source_audit,maintainer comment; linked PR/MR; commit; release note; advisory,TBD,
AS-086,"Cryptographic binding, key schedule, and cross-version semantics",cryptographic_binding_key_schedule_and_cross_version_semantics,X,wolfSSL,RFC-Core,incorrect_transcript_binding,RFC8446,bug-inferred,closed_pr_merge_unverified,closed,2026-04-14T17:05:00Z,TLS 1.3: evict session from cache after accepted 0-RTT resumption,https://github.com/wolfSSL/wolfssl/pull/10221,needs_source_audit,maintainer comment; linked PR/MR; commit; release note; advisory,TBD,
AS-087,"Cryptographic binding, key schedule, and cross-version semantics",cryptographic_binding_key_schedule_and_cross_version_semantics,X,wolfSSL,RFC-Core,incorrect_key_schedule,RFC5246;RFC8446,bug-inferred,closed_pr_merge_unverified,closed,2026-04-17T13:39:07Z,Zero TLS 1.3 traffic keys after AES SE offload,https://github.com/wolfSSL/wolfssl/pull/10246,needs_source_audit,maintainer comment; linked PR/MR; commit; release note; advisory,TBD,
